Date,Composite_HPI_SA,Single_Family_HPI_SA,One_Storey_HPI_SA,Two_Storey_HPI_SA,Townhouse_HPI_SA,Apartment_HPI_SA,Composite_Benchmark_SA,Single_Family_Benchmark_SA,One_Storey_Benchmark_SA,Two_Storey_Benchmark_SA,Townhouse_Benchmark_SA,Apartment_Benchmark_SA,V41690973,V41690914,STATIC_TOTALCPICHANGE,CPI_TRIM,CPI_MEDIAN,CPI_COMMON,ATOM_V41693242,STATIC_CPIXFET,CPIW,Open,High,Low,Close,Adj Close,Volume,Prime Rate,Bank of Canada Overnight Rate
01-01-2005,100,100,100,100,100,100,221200,234700,194200,273800,204300,171700,105.3,105.8,1.9,1.7,1.8,2,1.7,1.1,1.6,9190.099609,9246.799805,8952.799805,9204.099609,9204.099609,2335454800,4.25,2.5
01-02-2005,100.6,100.6,100.4,100.7,100.3,101.1,222600,236200,195000,275600,205000,173600,105.7,105.9,2.1,1.7,1.8,2,1.7,1.4,1.7,9211.5,9774.599609,9204.099609,9668.299805,9668.299805,2446392600,4.25,2.5
01-03-2005,101.4,101.4,101,101.4,100.6,101.7,224300,237900,196200,277700,205500,174700,106.3,106.2,2.3,1.9,2,2,1.8,1.5,1.9,9701.200195,9968.400391,9390.5,9612.400391,9612.400391,2955365700,4.25,2.5
01-04-2005,102.2,102.3,101.8,102.2,100.8,102.3,226000,240000,197600,279800,206000,175600,106.6,106.4,2.4,1.8,1.9,2,1.6,1.1,1.8,9675.299805,9701.400391,9243.700195,9369.299805,9369.299805,2377228200,4.25,2.5
01-05-2005,102.8,103,102.4,103,101,102.8,227500,241800,198800,282000,206300,176500,106.7,106.3,1.6,1.8,1.8,1.9,1.6,1.2,1.6,9349.099609,9679.900391,9261.5,9607.299805,9607.299805,2304422000,4.25,2.5
01-06-2005,103.9,104.1,103.2,104.1,101.4,103.9,229800,244400,200400,285000,207200,178400,106.9,106.6,1.7,1.8,1.9,2,1.5,1.4,1.7,9618.400391,10075,9604.599609,9902.799805,9902.799805,2615060500,4.25,2.5
01-07-2005,105.1,105.5,104.4,105.4,102.5,104.8,232500,247600,202700,288600,209400,180000,107.1,106.8,2,1.7,1.8,2,1.3,1.1,1.7,10033,10542,9902.799805,10422.90039,10422.90039,2116858500,4.25,2.5
01-08-2005,106.4,106.9,105.7,106.7,103.4,105.5,235400,250900,205200,292200,211300,181200,107.5,107.3,2.6,1.7,1.8,2.2,1.7,1.5,2,10491.7002,10728.59961,10373.2002,10668.90039,10668.90039,2824134500,4.25,2.5
01-09-2005,107.9,108.3,107.2,108,104.7,107.9,238600,254200,208200,295800,214000,185300,108.4,108.3,3.2,1.7,1.9,2.2,1.7,1.5,2.1,10675.59961,11135.5,10668.90039,11011.79981,11011.79981,3151830700,4.5,2.75
01-10-2005,109.4,110,108.5,109.7,105.7,108.9,242000,258100,210700,300300,215900,187000,107.9,108.1,2.6,1.7,1.9,2,1.7,1.4,1.9,11035,11084.59961,10145.09961,10383.29981,10383.29981,2812107900,4.75,3
01-11-2005,111,111.6,110.2,111.1,107,110.2,245500,261900,214000,304200,218700,189200,107.7,107.9,2,1.7,1.8,2,1.5,1.4,1.7,10390,11146.09961,10383.29981,10824.09961,10824.09961,2905177100,4.75,3
01-12-2005,112.4,113.1,111.6,112.6,107.6,111.4,248600,265500,216700,308300,219900,191300,107.6,108,2.1,1.7,1.8,2,1.5,1.3,1.7,10868.2002,11296.79981,10824.09961,11272.29981,11272.29981,2722575800,5,3.25
01-01-2006,114.1,114.7,113.2,114.1,109.7,113.2,252300,269300,219800,312500,224100,194400,108.2,108.9,2.8,1.8,1.8,2.1,1.6,1.4,2,11304.59961,12000,11272.29981,11945.59961,11945.59961,3633925900,5.25,3.5
01-02-2006,115.6,116.3,114.9,115.6,111.1,114.6,255800,273000,223100,316400,227000,196800,108,108.5,2.2,1.8,1.8,2,1.7,1.3,1.8,11962.79981,12080.5,11458.40039,11688.29981,11688.29981,3608163800,5.25,3.5
01-03-2006,117.2,118.1,116.5,117.2,112.2,115.9,259300,277200,226200,320900,229300,199000,108.6,108.6,2.2,1.8,1.9,2,1.7,1.4,1.8,11694.7002,12287.5,11649.40039,12110.59961,12110.59961,3957488300,5.5,3.75
01-04-2006,119,119.9,118.3,118.9,113.8,117.5,263200,281400,229800,325500,232500,201800,109.2,109.1,2.4,1.8,1.8,1.9,1.6,1.7,1.7,12200.7002,12494.7002,12110.59961,12204.2002,12204.2002,3406152500,5.75,4
01-05-2006,120.7,121.6,120.2,120.5,115.5,119.2,267000,285500,233400,329800,236000,204700,109.7,109.2,2.8,1.9,2,2,2,1.8,2,12289.2002,12420.59961,11345.09961,11744.5,11744.5,4295340200,6,4.25
01-06-2006,122.4,123.4,122.1,122,117.5,120.7,270800,289600,237100,333900,240000,207200,109.5,109.1,2.4,1.8,1.8,1.8,1.7,1.4,1.8,11695,11932.40039,10860.7002,11612.90039,11612.90039,3775487000,6,4.25
01-07-2006,124.1,125,123.8,123.4,119,122.5,274400,293400,240500,337800,243100,210300,109.6,109.2,2.3,2,2,2,2,1.9,2,11670.2002,11929.90039,11410.40039,11831,11831,3136692400,6,4.25
01-08-2006,125.7,126.6,125.6,124.8,120.7,124.3,278000,297100,244000,341700,246500,213400,109.8,109.4,2.1,2.1,2,2.1,2,2,2,11864.09961,12226.59961,11817.5,12073.79981,12073.79981,3675088700,6,4.25
01-09-2006,127.2,128.2,127.1,126.4,121.9,126.2,281300,300800,246900,346100,249000,216600,109.2,109,0.7,2.3,2.1,2.1,2.3,2.2,1.8,12121.59961,12210.90039,11464.59961,11761.29981,11761.29981,4193771000,6,4.25
01-10-2006,128.3,129.4,128.6,127.1,123.4,126.8,283800,303600,249800,348100,252200,217700,109,109.1,1,2.4,2.1,2.3,2.4,2.4,2,11767.40039,12415.90039,11407.29981,12344.59961,12344.59961,4475722400,6,4.25
01-11-2006,129.5,130.6,130.1,128.2,124.5,127.7,286400,306500,252600,350900,254300,219200,109.2,109.5,1.4,2.5,2.2,2.4,2.2,2.1,2.1,12023.29981,12782.59961,12002.59961,12752.40039,12752.40039,4723027800,6,4.25
01-12-2006,130.9,132,132,129.2,125.8,128.8,289500,309900,256400,353800,257100,221200,109.4,109.9,1.7,2.5,2.2,2.2,2.1,2.1,2,12757.40039,13053.2002,12665.90039,12908.40039,12908.40039,3088822000,6,4.25
01-01-2007,132.4,133.6,133.7,130.6,126.9,130.2,292800,313500,259600,357500,259300,223500,109.4,110.2,1.1,2.5,2.3,2.2,2.3,2.3,2,12924.5,13074.09961,12412.59961,13034.09961,13034.09961,4150428500,6,4.25
01-02-2007,134.1,135.5,135.6,132.4,128,131.5,296600,318100,263300,362400,261600,225700,110.2,110.6,2,2.8,2.5,2.5,2.3,2.4,2.3,13090.7002,13433,12947.90039,13045,13045,3861226900,6,4.25
01-03-2007,135.8,137.2,137.4,133.8,129.7,133,300300,322000,266900,366400,265000,228300,111.1,111.2,2.3,2.8,2.4,2.5,2.3,2.4,2.3,12920,13308.09961,12661.5,13165.5,13165.5,4271469800,6,4.25
01-04-2007,137.3,138.9,138.9,135.4,130.7,134.4,303600,325900,269700,370600,267000,230800,111.6,111.5,2.2,2.8,2.5,2.6,2.5,2.5,2.5,13185.29981,13713.09961,13165.5,13416.7002,13416.7002,4050566100,6,4.25
01-05-2007,139.1,140.8,141.2,137.1,132,135.9,307700,330500,274200,375300,269600,233300,112.1,111.5,2.2,2.8,2.5,2.6,2.2,2.4,2.3,13430.2002,14216.2002,13305.09961,14056.79981,14056.79981,4790405400,6,4.25
01-06-2007,140.7,142.5,143.1,138.5,133.1,137.3,311200,334400,277900,379200,271900,235700,111.9,111.3,2.2,2.9,2.7,2.6,2.5,2.7,2.4,14084.5,14209.40039,13535.29981,13906.59961,13906.59961,4675035500,6,4.25
01-07-2007,142.1,144,144.7,139.8,134.1,138.5,314400,338000,281100,382900,273900,237800,112,111.4,2.2,2.7,2.6,2.5,2.3,2.4,2.3,14001.40039,14646.79981,13705,13868.59961,13868.59961,4474079300,6.25,4.5
01-08-2007,143.3,145.3,145.9,141,135.1,139.5,317000,341000,283400,386100,276100,239600,111.7,111.3,1.7,2.5,2.5,2.4,2.2,2.2,2.1,13751.79981,13868.59961,12463.79981,13660.5,13660.5,4721564300,6.25,4.5
01-09-2007,144.4,146.5,147.3,142.1,135.7,140.7,319500,343900,286100,389200,277200,241500,111.9,111.7,2.5,2.5,2.6,2.4,2,2.1,2.2,13673.7002,14167.29981,13539.90039,14098.90039,14098.90039,4226559100,6.25,4.5
01-10-2007,145.6,147.8,148.5,143.2,136.4,141.7,322100,346800,288400,392200,278700,243300,111.6,111.9,2.4,2.3,2.5,2.3,1.8,1.9,2.1,14113.09961,14625,13869.09961,14625,14625,5344499900,6.25,4.5
01-11-2007,146.7,148.8,149.5,144.3,137.3,142.9,324400,349300,290400,395000,280500,245400,111.9,112.2,2.5,2.2,2.3,2.1,1.6,1.8,2,14485.7002,14625,13190.09961,13689.09961,13689.09961,5057926500,6.25,4.5
01-12-2007,147.8,150,150.3,145.5,138.2,144.1,327000,352000,291900,398400,282400,247500,112,112.6,2.4,2.2,2.4,2.2,1.5,1.7,2,13671.59961,14027.2002,13295.59961,13833.09961,13833.09961,3587962200,6,4.25
01-01-2008,148.6,150.8,151.2,146.3,139.1,144.9,328700,354000,293600,400600,284200,248800,111.8,112.4,2.2,2.3,2.5,2.4,1.4,1.9,2.1,13907.7002,14037.7002,11982.90039,13155.09961,13155.09961,5246150100,5.75,4
01-02-2008,148.9,151.2,151.5,146.5,139.5,145.2,329300,354800,294200,401200,284900,249300,112.2,112.6,1.8,2.2,2.5,2.3,1.5,1.8,2.1,13202.59961,13891.79981,12747.59961,13582.7002,13582.7002,4505827300,5.75,4
01-03-2008,148.9,151.1,151.5,146.4,139.8,145.6,329400,354600,294300,400900,285600,250000,112.6,112.8,1.4,2,2.4,2.1,1.3,1.6,1.8,13622.5,13667.59961,12453.90039,13350.09961,13350.09961,5009775900,5.25,3.5
01-04-2008,148.5,150.6,151.1,145.9,139.9,145.1,328400,353500,293400,399400,285800,249200,113.5,113.3,1.7,2.3,2.5,2.3,1.5,1.7,2,13337.7002,14372.29981,13254,13937,13937,4755252900,4.75,3
01-05-2008,147.6,149.6,150.2,145,139.5,144.5,326400,351200,291700,396900,285100,248100,114.6,114.1,2.2,2.3,2.4,2.4,1.5,1.7,2.2,13920.29981,15128.59961,13846.59961,14714.7002,14714.7002,4794265700,4.75,3
01-06-2008,146.8,148.8,149.3,144.2,138.9,143.7,324700,349300,290000,394700,283800,246800,115.4,114.9,3.1,2.3,2.5,2.6,1.5,1.7,2.6,14673.90039,15154.79981,14156.5,14467,14467,4708141000,4.75,3
01-07-2008,145.7,147.7,148.1,143.1,138.2,142.8,322300,346700,287600,391800,282300,245200,115.8,115.4,3.4,2.4,2.6,2.6,1.5,1.7,2.6,14573.5,14584.90039,13157.90039,13592.90039,13592.90039,5117166900,4.75,3
01-08-2008,144.8,146.8,147.4,142.1,137.3,141.9,320300,344600,286200,389100,280500,243600,115.6,115.4,3.5,2.6,2.7,2.8,1.7,1.7,2.8,13645.09961,13771.29981,13015.90039,13771.29981,13771.29981,4070964700,4.75,3
01-09-2008,144,146,146.4,141.4,136.6,140.8,318500,342600,284300,387100,279000,241800,115.7,115.5,3.4,2.5,2.6,3.1,1.7,1.6,2.9,13558.79981,13771.29981,11171.29981,11752.90039,11752.90039,6508455900,4.75,3
01-10-2008,142.2,144.1,144.6,139.5,135.3,139.2,314500,338200,280800,381900,276400,239000,114.5,114.7,2.6,2.5,2.6,3,1.7,1.5,2.6,11730.7002,11775.79981,8537.299805,9762.799805,9762.799805,6990780400,4,2.25
01-11-2008,140.7,142.6,142.7,138.2,134,137.4,311200,334600,277200,378500,273700,236000,114.1,114.3,2,2.7,2.7,3.3,2.4,2.2,2.8,9841.299805,10199.79981,7647.100098,9270.599609,9270.599609,5928069900,4,2.25
01-12-2008,138.9,140.8,141,136.4,131.2,136.1,307300,330500,273800,373600,268000,233700,113.3,113.9,1.2,2.6,2.7,3.2,2.4,2.1,2.6,8816.400391,9270.599609,7802.299805,8987.700195,8987.700195,5650908400,3.5,1.5
01-01-2009,137.4,139.5,139.5,135.1,130.6,133.6,304000,327300,271000,370000,266800,229400,113,113.7,1.1,2.4,2.5,3.1,1.9,1.2,2.3,8951.900391,9505.700195,8387.599609,8694.900391,8694.900391,4769963000,3,1
01-02-2009,136.3,138.1,138.2,133.9,129.6,132.8,301400,324100,268400,366500,264700,228100,113.8,114.1,1.4,2.4,2.5,3.1,1.9,1.4,2.4,8603,9151.599609,7566.299805,8123,8123,4761913900,3,1
01-03-2009,135.4,137.2,136.8,133.2,128.4,132.3,299500,322100,265600,364800,262400,227100,114,114,1.2,2.4,2.5,3.3,2,1.4,2.4,7997.600098,9018.5,7480,8720.400391,8720.400391,5839440200,2.5,0.5
01-04-2009,135.9,137.9,137.5,133.8,128.1,133.1,300700,323600,267000,366400,261800,228500,113.9,113.7,0.4,2,2.2,3.1,1.8,1.3,2,8647.599609,9568.299805,8617.299805,9324.799805,9324.799805,4857191300,2.25,0.25
01-05-2009,137,139.1,138.2,135.1,128.5,134.1,303100,326400,268400,370000,262600,230300,114.7,114.2,0.1,2,2.2,3.2,2,1.3,2.1,9369.200195,10493.09961,9324.799805,10370.09961,10370.09961,4706025200,2.25,0.25
01-06-2009,138.7,140.9,139.6,137,129.3,136,306900,330600,271100,375200,264200,233500,115.1,114.7,-0.3,1.9,2.1,3.1,1.9,1.3,1.8,10530.79981,10726,9727.299805,10374.90039,10374.90039,4799342800,2.25,0.25
01-07-2009,140.7,142.9,141.3,139.2,131.1,137.9,311300,335500,274400,381000,267800,236800,114.7,114.3,-0.9,1.6,1.9,2.8,1.8,1.1,1.5,10290.5,10841.5,9535.5,10787.2002,10787.2002,3774968400,2.25,0.25
01-08-2009,142.8,145,143,141.3,132.6,139.9,315800,340400,277700,387000,270800,240200,114.7,114.5,-0.8,1.5,1.7,2.4,1.6,1,1.4,10943.29981,11065.40039,10480.2002,10868.2002,10868.2002,3542276500,2.25,0.25
01-09-2009,144.9,147.3,144.6,143.8,134.5,142.1,320600,345700,280800,393800,274700,243900,114.7,114.6,-0.9,1.3,1.7,2.4,1.5,0.9,1.2,10840.90039,11648.59961,10634.79981,11395,11395,4535265100,2.25,0.25
01-10-2009,147.1,149.6,146.5,146.1,136.2,144.1,325300,351000,284600,400100,278200,247400,114.6,114.8,0.1,1.4,1.7,2.4,1.8,1.3,1.6,11403.29981,11595,10767.59961,10910.79981,10910.79981,4041880800,2.25,0.25
01-11-2009,149.1,151.6,148.2,148.2,137.9,146.2,329700,355700,287800,405800,281700,251100,115.2,115.4,1,1.4,1.8,2.1,1.5,0.8,1.7,10896.7002,11737.79981,10745.29981,11447.2002,11447.2002,3639444600,2.25,0.25
01-12-2009,150.7,153.3,150,149.9,139.5,147.8,333400,359800,291300,410300,285000,253800,114.8,115.4,1.3,1.3,1.7,1.9,1.5,0.6,1.6,11574.7002,11816.29981,11248.90039,11746.09961,11746.09961,3322506500,2.25,0.25
01-01-2010,151.9,154.4,150.6,151.1,141.4,149.7,336100,362400,292500,413800,288900,257000,115.1,115.8,1.9,1.3,1.7,1.8,2,1.3,1.8,11847.29981,12070.7002,11084.29981,11094.29981,11094.29981,3276439600,2.25,0.25
01-02-2010,153,155.6,151.5,152.4,141.8,150.2,338400,365200,294300,417200,289700,257900,115.6,115.9,1.6,1.3,1.7,1.7,2.1,1.4,1.6,11147.5,11763.29981,10990.40039,11629.59961,11629.59961,3144329300,2.25,0.25
01-03-2010,153.7,156.3,151.9,153.2,142.8,150.9,340000,366800,295000,419500,291700,259100,115.6,115.6,1.4,1.1,1.5,1.5,1.7,0.9,1.4,11682.79981,12129.29981,11629.59961,12037.7002,12037.7002,4110928300,2.25,0.25
01-04-2010,153.9,156.5,152.1,153.4,143.6,150.9,340500,367400,295400,420000,293300,259100,116,115.6,1.8,1.3,1.7,1.3,1.9,1.2,1.6,12069.90039,12321.79981,11954,12210.7002,12210.7002,3925581700,2.25,0.25
01-05-2010,153.8,156.4,151.9,153.4,143.7,151,340300,367100,294900,419900,293500,259200,116.3,115.7,1.4,1.2,1.6,1,1.8,1.1,1.4,12274,12294.59961,11180,11763,11763,4661249300,2.25,0.25
01-06-2010,153.3,155.9,151.3,152.9,143.7,150,339100,365900,293800,418600,293600,257600,116.2,116,1,1.1,1.5,1,1.7,1,1.2,11702.2002,12077,11244,11294.40039,11294.40039,4361343100,2.5,0.5
01-07-2010,152.9,155.6,151,152.6,142.9,149.4,338300,365200,293300,417800,291900,256600,116.8,116.6,1.8,1.3,1.6,1.1,1.6,0.7,1.3,11245.29981,11822.7002,11065.5,11713.40039,11713.40039,3657327900,2.75,0.75
01-08-2010,152.8,155.6,150.6,152.7,142.4,148.7,338000,365100,292400,418100,291000,255400,116.7,116.5,1.7,1.2,1.6,1.2,1.6,0.7,1.3,11829.29981,11990.79981,11469.29981,11913.90039,11913.90039,3919657600,2.75,0.75
01-09-2010,152.9,155.6,150.5,152.8,142.3,149.2,338200,365300,292200,418500,290800,256100,116.9,116.7,1.9,1.3,1.6,0.9,1.5,0.8,1.2,11978.29981,12406.40039,11914.2002,12368.7002,12368.7002,4497303100,3,1
01-10-2010,153.4,156.2,150.8,153.4,142.4,149.9,339300,366500,292800,420000,290900,257300,117.4,117.4,2.4,1.4,1.7,1.1,1.8,1.1,1.5,12400.09961,12710.2002,12262.7002,12676.2002,12676.2002,3947914100,3,1
01-11-2010,154.2,157.1,151.2,154.5,142.7,150.3,341100,368600,293700,423100,291600,258000,117.5,117.7,2,1.2,1.5,1,1.4,0.9,1.1,12725.90039,13114.09961,12501.79981,12952.90039,12952.90039,4668483900,3,1
01-12-2010,154.9,157.8,151.4,155.5,143.5,151,342700,370400,294100,425800,293200,259200,117.5,118.2,2.4,1.4,1.6,1.2,1.5,1,1.4,13067,13493.59961,12952.90039,13443.2002,13443.2002,4102139700,3,1
01-01-2011,156.1,159.1,152.3,157,143.9,152.1,345300,373500,295700,429900,294000,261100,117.8,118.4,2.3,1.3,1.6,1.2,1.4,0.9,1.2,13530.40039,13588.5,13139.5,13552,13552,4636162300,3,1
01-02-2011,157.4,160.5,153.3,158.5,144.6,153,348100,376700,297700,433900,295500,262700,118.1,118.3,2.2,1.1,1.4,1.2,0.9,0.4,1.1,13617.7002,14160.7002,13552.29981,14136.5,14136.5,4403932100,3,1
01-03-2011,158.6,161.9,154.2,160,145.3,153.6,350800,379900,299500,438000,296800,263800,119.4,119.1,3.3,1.6,1.8,1.8,1.7,1.3,1.8,14167,14329.5,13237.90039,14116.09961,14116.09961,5292244500,3,1
01-04-2011,159.7,163.1,154.9,161.4,145.7,154.3,353200,382900,300900,441900,297600,264900,119.8,119.6,3.3,1.6,1.8,1.7,1.6,1,1.7,14118.2002,14315.40039,13584.59961,13944.79981,13944.79981,4024334700,3,1
01-05-2011,160.8,164.6,156,163,146,154.6,355800,386300,302900,446300,298300,265500,120.6,120,3.7,1.8,2,1.9,1.8,1.2,2.1,13944.79981,14089.09961,13264.79981,13802.90039,13802.90039,3871603900,3,1
01-06-2011,162,166,156.8,164.5,146.2,155.6,358400,389500,304500,450500,298700,267200,119.8,119.6,3.1,1.8,2,1.9,1.3,0.7,1.8,13806.09961,13823.40039,12763.5,13300.90039,13300.90039,4487582600,3,1
01-07-2011,163.2,167.2,157.6,166,147.6,156.4,361000,392500,306000,454400,301600,268600,120,119.8,2.7,1.8,1.9,1.9,1.6,1.1,1.9,13315.40039,13516.2002,12858.40039,12945.59961,12945.59961,3528913000,3,1
01-08-2011,164.3,168.4,158.4,167.3,148.7,157,363400,395300,307600,458000,303700,269600,120.3,120.1,3.1,2,2.1,2,1.9,1.4,2.1,13010.59961,13010.59961,11617.79981,12768.7002,12768.7002,5560123300,3,1
01-09-2011,165.1,169.5,159.1,168.3,148.9,157.3,365100,397700,309000,460900,304300,270000,120.6,120.5,3.2,2.1,2,2.1,2.2,1.8,2.3,12770.7002,12798.5,11293.59961,11623.79981,11623.79981,5118460300,3,1
01-10-2011,165.9,170.4,159.8,169.4,149.4,157.4,366900,400000,310400,463700,305200,270300,120.8,120.9,2.9,2,1.9,2,2.1,1.4,2.2,11516.90039,12541.79981,10848.2002,12252.09961,12252.09961,4831907400,3,1
01-11-2011,166.8,171.4,160.9,170.2,150,158.2,368900,402300,312400,466100,306400,271600,120.9,121,2.9,2.1,2.1,2.1,2.1,1.5,2.1,11963.2002,12542.59961,11420.79981,12204.09961,12204.09961,4347381300,3,1
01-12-2011,167.6,172.5,162,171.3,149.7,158.4,370700,404900,314600,469000,305900,272000,120.2,120.8,2.3,1.9,1.9,2,1.9,1.2,1.9,12174.09961,12268.90039,11468.7002,11955.09961,11955.09961,4195931300,3,1
01-01-2012,168.4,173.5,163,172.4,150.1,158.5,372600,407300,316500,471900,306700,272200,120.7,121.5,2.5,2.1,2,2,2.1,1.5,2.1,12097.2002,12616,11955.90039,12452.2002,12452.2002,4129696600,3,1
01-02-2012,169.1,174.2,163,173.3,150.6,158.8,374000,408900,316600,474400,307700,272700,121.2,121.4,2.6,2.2,2.1,2.2,2.3,1.6,2.2,12510.7002,12788.59961,12291.79981,12644,12644,4117625300,3,1
01-03-2012,169.7,175,163.9,174,150.7,158.8,375300,410800,318200,476300,307900,272600,121.7,121.5,1.9,1.9,1.9,1.6,1.9,1.4,1.7,12643,12731.5,12194.5,12392.2002,12392.2002,4938268500,3,1
01-04-2012,170.3,175.8,164.7,174.7,150.9,158.9,376600,412500,319800,478200,308300,272900,122.2,121.9,2,2,2,1.9,2.1,1.8,2,12381.5,12526.59961,11869,12292.7002,12292.7002,3636982100,3,1
01-05-2012,170.3,175.8,165.1,174.5,151,158.9,376700,412500,320700,477700,308500,272900,122.1,121.5,1.2,1.6,1.7,1.7,1.8,1.4,1.5,12325.7002,12364.59961,11256.7002,11513.2002,11513.2002,4116747500,3,1
01-06-2012,170.2,175.5,165,174.3,150.9,158.6,376400,412000,320400,477300,308200,272300,121.6,121.2,1.5,1.5,1.6,1.7,2,1.6,1.6,11413.09961,11824.59961,11209.59961,11596.59961,11596.59961,4100253800,3,1
01-07-2012,170,175.5,164.8,174.3,150.7,158.1,376100,411800,320100,477300,307900,271500,121.5,121.2,1.3,1.5,1.6,1.6,1.7,1.2,1.4,11727.5,11936.2002,11366.7002,11664.7002,11664.7002,3248198800,3,1
01-08-2012,169.8,175.2,165,173.9,150.2,157.8,375600,411300,320500,476200,306800,270900,121.8,121.7,1.2,1.5,1.7,1.6,1.6,1,1.4,11693.09961,12196.79981,11475.40039,11949.29981,11949.29981,3035865900,3,1
01-09-2012,169.8,175.2,165,173.9,149.9,157.7,375500,411100,320500,476100,306200,270700,122,121.9,1.2,1.4,1.6,1.4,1.3,0.7,1.2,11978,12529.79981,11904.5,12317.5,12317.5,3642520600,3,1
01-10-2012,169.7,175.1,165,173.8,150.1,157.3,375300,411000,320400,475800,306700,270000,122.2,122.2,1.2,1.3,1.7,1.5,1.3,0.9,1.2,12372.5,12494,12137.2002,12422.90039,12422.90039,3116811700,3,1
01-11-2012,169.5,175,165,173.6,149.9,156.5,375000,410700,320500,475300,306300,268700,121.9,122.1,0.8,1.2,1.6,1.5,1.2,0.8,1.1,12408.5,12511.5,11761.29981,12239.40039,12239.40039,3356105900,3,1
01-12-2012,170,175.5,165.3,174.2,150.6,156.6,376100,412000,321100,476900,307700,268900,121.2,122,0.8,1.2,1.7,1.4,1.1,0.7,1.1,12253.7002,12457.29981,12095.5,12433.5,12433.5,3468514000,3,1
01-01-2013,169.9,175.4,165.2,174.1,150.9,156.3,375900,411600,320900,476800,308300,268300,121.3,122.1,0.5,1,1.5,1.3,1,0.5,0.9,12571.79981,12895.29981,12430.40039,12685.2002,12685.2002,3572534100,3,1
01-02-2013,170.4,175.8,165.7,174.5,150.8,156.7,376900,412700,321800,477800,308000,269000,122.7,122.9,1.2,1.2,1.6,1.4,1.4,1,1.3,12741.2002,12832.7002,12602.5,12821.79981,12821.79981,3328508900,3,1
01-03-2013,170.7,176.1,166.2,174.7,150.8,156.8,377500,413300,322700,478300,308000,269300,122.9,122.8,1,1.2,1.6,1.4,1.4,0.9,1.3,12798.7002,12904.7002,12622.5,12749.90039,12749.90039,3671660900,3,1
01-04-2013,171,176.6,166.1,175.5,151,156.4,378200,414500,322600,480400,308400,268600,122.7,122.3,0.4,1,1.5,1.2,1.1,0.6,1,12751.59961,12751.59961,11916.59961,12456.5,12456.5,3845683700,3,1
01-05-2013,171.4,176.9,166.3,175.8,151.5,157.1,379100,415200,322900,481400,309600,269700,123,122.3,0.7,1.1,1.5,1.1,1.1,0.6,1,12408,12889.29981,12276,12650.40039,12650.40039,579680800,3,1
01-06-2013,172,177.6,167,176.4,151.8,157.1,380400,416800,324300,483000,310200,269800,123,122.6,1.2,1.3,1.7,1.2,1.3,0.9,1.2,12661.2002,12681.2002,11759,12129.09961,12129.09961,37965200,3,1
01-07-2013,172.8,178.5,167.9,177.4,152,157.5,382300,419000,326000,485700,310600,270400,123.1,122.8,1.3,1.3,1.7,1.3,1.4,1.1,1.4,12178,12772.09961,12055.59961,12486.59961,12486.59961,552542500,3,1
01-08-2013,173.7,179.5,168.5,178.5,152.3,158.1,384200,421400,327300,488600,311100,271400,123.1,122.9,1.1,1.1,1.6,1.1,1.3,0.9,1.3,12486.59961,12812.59961,12400.09961,12653.90039,12653.90039,2514315900,3,1
01-09-2013,174.7,180.7,169.9,179.5,153.5,158.3,386500,424100,329900,491400,313500,271800,123.3,123.1,1.1,1.2,1.6,1.2,1.3,0.9,1.2,12654.29981,12964.90039,12654.29981,12787.2002,12787.2002,2555871000,3,1
01-10-2013,175.8,182,170.6,181,153.9,158.6,388900,427100,331400,495500,314400,272300,123,123,0.7,1.2,1.5,1.1,1.2,0.9,1,12787.2002,13471.09961,12678,13361.29981,13361.29981,3396521600,3,1
01-11-2013,176.8,183,171.5,182.1,154.8,159.1,391000,429600,333100,498500,316200,273100,123,123.2,0.9,1.2,1.5,0.9,1.1,0.7,1.1,13362.90039,13517,13285.2002,13395.40039,13395.40039,2698397100,3,1
01-12-2013,177.6,183.9,172.4,182.9,155.4,159.5,392900,431700,334800,500900,317500,273800,122.7,123.6,1.2,1.4,1.6,1.1,1.3,1,1.3,13395.40039,13644.29981,13059.7002,13621.59961,13621.59961,2886736500,3,1
01-01-2014,178.5,185,173.7,183.9,155.6,160.3,394900,434200,337300,503600,317900,275200,123.1,123.9,1.5,1.5,1.7,1.2,1.4,1.3,1.5,13621.40039,14002.40039,13473.2002,13694.90039,13694.90039,3958912800,3,1
01-02-2014,179.1,185.6,173.9,184.6,156.5,160.4,396100,435500,337800,505400,319700,275400,124.1,124.3,1.1,1.4,1.5,1.1,1.2,1.2,1.2,13694.90039,14280.90039,13450.29981,14209.59961,14209.59961,3650954400,3,1
01-03-2014,179.4,185.8,173.8,185,157.2,160.5,396800,436000,337600,506500,321100,275600,124.8,124.5,1.5,1.5,1.6,1.3,1.3,1.3,1.3,14209.7002,14406.90039,14139.29981,14335.29981,14335.29981,3664332300,3,1
01-04-2014,179.8,186.2,174.3,185.4,157.6,161,397800,437000,338500,507600,321900,276500,125.2,125,2,1.6,1.7,1.3,1.4,1.3,1.6,14335.29981,14662,14221.40039,14651.90039,14651.90039,3506261200,3,1
01-05-2014,180.4,187,174.7,186.3,157.7,160.7,399100,438800,339300,510000,322100,276000,125.8,125.1,2.3,1.7,1.8,1.3,1.7,1.4,1.8,14651.90039,14765.2002,14473.79981,14604.2002,14604.2002,2995727100,3,1
01-06-2014,181.3,187.9,175.5,187.3,158.4,161.6,401000,440900,340900,512700,323700,277400,125.9,125.4,2.4,1.8,1.8,1.3,1.8,1.5,1.9,14604.2002,15146,14604.2002,15146,15146,3393673500,3,1
01-07-2014,182,188.7,176.2,188.2,158.9,161.9,402600,442900,342200,515200,324600,278000,125.7,125.4,2.1,1.6,1.7,1.3,1.7,1.5,1.7,15146,15527.29981,15021.09961,15330.7002,15330.7002,3323445900,3,1
01-08-2014,183.1,189.9,176.9,189.4,160.1,162.6,405000,445600,343600,518700,327000,279100,125.7,125.5,2.1,1.7,1.7,1.3,2.1,2,1.8,15330.79981,15653.40039,15056.09961,15625.7002,15625.7002,2734232600,3,1
01-09-2014,184.3,191.2,177.8,190.9,160.8,163.4,407600,448700,345300,522700,328500,280600,125.8,125.7,2,1.7,1.8,1.3,2.1,1.9,1.9,15626.90039,15685.09961,14821.7002,14960.5,14960.5,3736970700,3,1
01-10-2014,185.6,192.6,178.8,192.4,161.9,164.7,410600,452000,347300,526900,330700,282800,125.9,125.9,2.4,1.7,1.8,1.4,2.3,2,2,14958.5,14958.5,13646.79981,14613.29981,14613.29981,4600707700,3,1
01-11-2014,187.1,194.1,179.9,194.2,162.7,166,413800,455600,349300,531700,332300,285100,125.4,125.7,2,1.7,1.8,1.6,2.1,2,2,14632.2002,15184.40039,14327,14744.7002,14744.7002,4009177600,3,1
01-12-2014,188.2,195.5,180.6,195.7,162.5,166.6,416300,458900,350800,535900,331900,286000,124.5,125.5,1.5,1.7,1.7,1.5,2.2,1.9,1.8,14753.5,14789,13635.5,14632.40039,14632.40039,5719021100,3,1
01-01-2015,189,196.3,181.4,196.6,164.6,166.8,418000,460700,352200,538200,336300,286400,124.3,125.1,1,1.7,1.8,1.6,2.2,1.9,1.9,14637.29981,14853.29981,13892.59961,14673.5,14673.5,5178528700,2.85,0.75
01-02-2015,189.6,197.1,181.9,197.5,164.9,166.6,419400,462700,353200,540800,336900,286000,125.4,125.5,1,1.6,1.7,1.5,2.1,1.8,1.9,14713.90039,15349,14713.90039,15234.29981,15234.29981,4293263700,2.85,0.75
01-03-2015,190.7,198.4,182.3,199.1,165.3,167.4,421900,465700,354100,545200,337800,287500,126.3,126.1,1.2,1.6,1.8,1.5,2.4,2,2,15240.90039,15283.7002,14606.2002,14902.40039,14902.40039,4479338300,2.85,0.75
01-04-2015,191.9,199.8,183.3,200.7,165.6,168,424500,469000,356000,549500,338300,288400,126.2,125.8,0.8,1.4,1.6,1.5,2.3,1.9,1.8,14925.2002,15524.79981,14878.5,15224.5,15224.5,3772368300,2.85,0.75
01-05-2015,193.3,201.5,184.1,202.6,166.6,168.6,427600,472900,357600,554700,340400,289500,126.9,126.3,0.9,1.5,1.7,1.7,2.2,1.8,1.8,15224.40039,15416.59961,14934.29981,15014.09961,15014.09961,3483023200,2.85,0.75
01-06-2015,195.3,203.9,185.7,205.2,167.6,169.4,432000,478500,360600,561800,342400,290900,127.2,126.8,1,1.5,1.6,1.7,2.3,1.8,1.9,15040.90039,15182.2002,14482.2002,14553.29981,14553.29981,3725889300,2.85,0.75
01-07-2015,197.4,206.3,187.4,207.8,168.7,170.6,436700,484200,363900,569000,344700,293000,127.3,127.1,1.3,1.6,1.8,1.7,2.4,2,2,14588.2002,14748,13938.90039,14468.40039,14468.40039,3804476900,2.7,0.5
01-08-2015,199.7,209,189.7,210.6,170.2,171.9,441800,490600,368400,576500,347800,295200,127.3,127.1,1.3,1.6,1.8,1.8,2.1,1.8,1.9,14465.79981,14622.40039,12705.2002,13859.09961,13859.09961,4207264000,2.7,0.5
01-09-2015,201.8,211.2,191.4,212.9,172.1,173.7,446400,495800,371700,582900,351600,298300,127.1,127,1,1.6,1.8,1.8,2.1,1.8,1.8,13691.79981,13876,12964.09961,13307,13307,4457532700,2.7,0.5
01-10-2015,203.9,213.5,193,215.3,174.2,175.2,451000,501200,374900,589600,355900,300800,127.2,127.2,1,1.7,1.8,1.9,2.1,1.7,1.8,13362.5,14053.2002,13086.40039,13529.2002,13529.2002,4839515700,2.7,0.5
01-11-2015,206.1,216,194.7,218.1,176,176.7,455900,507000,378100,597100,359600,303400,127.1,127.3,1.4,1.8,2,2,2,1.8,1.8,13531,13790.09961,13030.5,13469.79981,13469.79981,4013504500,2.7,0.5
01-12-2015,208.2,218.3,196.5,220.3,177.7,178.1,460500,512400,381700,603200,363000,305800,126.5,127.4,1.6,1.8,2.1,1.8,1.9,1.7,1.8,13488.40039,13653.7002,12617.7002,13010,13010,4495475300,2.7,0.5
01-01-2016,210.8,221.4,198.4,224.1,179.1,179.8,466400,519700,385300,613500,366000,308800,126.8,127.5,2,1.8,2,1.9,2,1.8,1.9,12920.59961,12954.90039,11531.2002,12822.09961,12822.09961,5129644400,2.7,0.5
01-02-2016,213.8,224.8,201.1,227.6,180.7,182,473000,527600,390600,623300,369100,312500,127.1,127.3,1.4,1.8,2,1.8,1.9,1.7,1.7,12766.2002,12984.7002,11985.7002,12860.40039,12860.40039,5553510400,2.7,0.5
01-03-2016,216.9,228.3,204.1,231.4,183.3,183.1,479700,535900,396400,633500,374500,314400,127.9,127.7,1.3,1.8,2,1.8,2.1,1.7,1.7,12896.29981,13685.5,12858,13494.40039,13494.40039,6115364500,2.7,0.5
01-04-2016,220.6,232.6,207.7,235.7,186.4,185,487900,545800,403300,645300,380900,317600,128.3,127.9,1.7,2,2.1,1.8,2.2,1.9,1.8,13404.59961,13972.59961,13217.2002,13951.5,13951.5,4943424400,2.7,0.5
01-05-2016,224.8,237.3,211.7,240.5,189.9,187.7,497300,557000,411200,658500,387900,322300,128.8,128.3,1.5,2,2.2,1.7,2.1,2.1,1.8,13963.90039,14172.40039,13535.5,14065.79981,14065.79981,4742128600,2.7,0.5
01-06-2016,228.7,241.5,215.1,244.9,193.3,191.3,505900,566800,417800,670400,395000,328500,129.1,128.6,1.5,2,2.2,1.7,2.1,2.1,1.8,14017,14450.90039,13609.59961,14064.5,14064.5,5235274600,2.7,0.5
01-07-2016,232.2,245.2,217.7,249,196.9,193.9,513600,575600,422800,681800,402200,332900,128.9,128.5,1.3,1.9,2,1.6,2.1,2,1.6,14200.09961,14609,14080.2002,14582.7002,14582.7002,3872760200,2.7,0.5
01-08-2016,234.5,247.7,219.5,251.8,199.6,195.9,518800,581400,426200,689300,407800,336300,128.7,128.6,1.1,1.8,2,1.5,1.8,1.8,1.5,14555.2002,14855.7002,14428.2002,14598,14598,3807885000,2.7,0.5
01-09-2016,236.7,250,220.9,254.2,201.8,198,523500,586700,428900,696100,412300,339900,128.8,128.8,1.3,1.8,2.1,1.3,1.8,1.9,1.5,14573.29981,14841.40039,14319.09961,14725.90039,14725.90039,4388263300,2.7,0.5
01-10-2016,237.9,251.3,222.6,255.3,203.3,199.6,526300,589700,432200,698900,415300,342700,129.1,129.1,1.5,1.8,2.1,1.3,1.7,1.8,1.5,14722.5,14963.59961,14468,14787.29981,14787.29981,3950697400,2.7,0.5
01-11-2016,239.6,252.7,224,256.6,206,202.3,530100,593200,435000,702700,420800,347400,128.6,128.9,1.2,1.6,1.9,1,1.5,1.6,1.3,14827.90039,15141,14481.59961,15082.90039,15082.90039,4984695800,2.7,0.5
01-12-2016,241.1,254.1,225.4,257.7,207.2,205,533400,596400,437700,705500,423300,352000,128.4,129.3,1.5,1.6,1.9,1.2,1.6,1.7,1.4,15138.59961,15432.59961,15000.59961,15287.59961,15287.59961,4472757200,2.7,0.5
01-01-2017,244.7,257.8,228,262,212.1,208,541200,605000,442800,717300,433400,357200,129.5,130.1,2.1,1.6,1.9,1.1,1.7,2.1,1.6,15366.79981,15674.29981,15313,15386,15386,4334029700,2.7,0.5
01-02-2017,250.1,263.8,233.3,268.3,217.1,211.6,553300,619100,453000,734600,443600,363300,129.7,129.9,2,1.5,1.8,1.1,1.7,2,1.5,15423.79981,15943.09961,15327.2002,15399.2002,15399.2002,4402140700,2.7,0.5
01-03-2017,256.4,270.5,239.1,275.3,220.8,218.2,567200,634900,464400,753700,451100,374700,129.9,129.7,1.6,1.4,1.7,1,1.3,1.6,1.2,15534.7002,15664.09961,15241.59961,15547.79981,15547.79981,5236485800,2.7,0.5
01-04-2017,259.3,272.7,241.8,277.2,225,224.2,573600,640000,469600,759000,459600,384900,130.4,130.1,1.6,1.3,1.6,1,1.1,1.5,1.1,15587,15792.59961,15427.29981,15586.09961,15586.09961,3933956300,2.7,0.5
01-05-2017,258.5,270.8,240.6,275.1,227.1,228,571700,635500,467300,753100,463900,391500,130.5,129.9,1.3,1.2,1.6,0.8,0.9,1.3,0.9,15601.7002,15700.59961,15164.7002,15349.90039,15349.90039,4552021500,2.7,0.5
01-06-2017,256.4,267.7,238.6,271.6,227.9,229.9,567200,628400,463300,743700,465700,394800,130.4,129.9,1,1.2,1.6,0.9,0.9,1.3,0.8,15363.09961,15594.2002,15078,15182.2002,15182.2002,5044945600,2.7,0.5
01-07-2017,254.2,264.4,236.9,267.7,228.9,231.6,562200,620600,460100,732900,467700,397700,130.4,130.1,1.2,1.3,1.7,1.1,0.9,1.5,0.9,15217.40039,15319.2002,14915.79981,15143.90039,15143.90039,3057099700,2.95,0.75
01-08-2017,253,262.5,235.6,265.6,229.5,234.2,559700,616100,457500,727200,468900,402200,130.5,130.4,1.4,1.4,1.7,1.2,0.9,1.5,0.9,15192.09961,15324.59961,14918.59961,15211.90039,15211.90039,3369669600,2.95,0.75
01-09-2017,253,262.1,235.9,264.9,230.2,236.3,559700,615200,458100,725400,470200,405800,130.8,130.7,1.6,1.4,1.6,1.2,0.8,1.2,1,15194.7002,15692,14953.90039,15634.90039,15634.90039,3870060000,3.2,1
01-10-2017,253.6,262.1,236,264.8,232.4,239.7,560900,615100,458400,725100,474700,411500,130.9,130.9,1.4,1.4,1.6,1.3,0.9,1.4,1,15640,16064.7002,15619.2002,16025.59961,16025.59961,3482763100,3.2,1
01-11-2017,254.3,262.5,236.8,265.2,233.4,242.1,562500,616100,459800,726100,476900,415700,131.3,131.7,2.1,1.7,1.7,1.4,1.3,1.8,1.4,16093.40039,16131.79981,15829.40039,16067.5,16067.5,3888878600,3.2,1
01-12-2017,254.7,262.5,237.8,264.4,235,244.3,563400,616000,461900,723900,480200,419400,130.8,131.8,1.9,1.7,1.8,1.5,1.2,1.7,1.3,16058.2002,16232.2002,15853.09961,16209.09961,16209.09961,3501176100,3.2,1
01-01-2018,254,261.1,237.1,262.9,236.3,246.7,561900,612700,460500,719900,482800,423500,131.7,132.3,1.7,1.8,1.8,1.6,1.2,1.5,1.4,16213.40039,16421.40039,15898.7002,15951.7002,15951.7002,4635890300,3.45,1.25
01-02-2018,252.7,259.2,236.7,260.6,236.6,246.9,559000,608400,459700,713600,483300,424000,132.5,132.6,2.2,2,1.9,1.8,1.5,1.8,1.7,15920,15922.59961,14785.79981,15442.7002,15442.7002,4449009200,3.45,1.25
01-03-2018,251.7,257.4,236.1,258.5,237.9,248.7,556800,604200,458600,707700,486000,427100,132.9,132.7,2.3,1.9,1.9,1.9,1.4,1.9,1.8,15452.7002,15791.2002,15150.5,15367.29981,15367.29981,4324581200,3.45,1.25
01-04-2018,250.9,256.4,235.8,257.3,237.8,248.8,555000,601800,457900,704400,485900,427200,133.3,132.8,2.2,2,2,1.9,1.5,1.8,1.9,15351.2002,15702.59961,14991.2002,15607.90039,15607.90039,4044331800,3.45,1.25
01-05-2018,250.5,255.8,235.2,256.7,238.1,250,554000,600300,456800,702900,486400,429200,133.4,132.9,2.2,1.8,1.9,1.9,1.3,1.7,1.9,15592.5,16238.79981,15548.7002,16061.5,16061.5,4525260200,3.45,1.25
01-06-2018,250.3,255.4,234.3,256.7,239.3,250.3,553700,599400,455000,702800,488800,429800,133.6,133.1,2.5,2,1.9,1.9,1.3,1.8,2,16075.79981,16489.5,16038,16277.7002,16277.7002,4438640100,3.45,1.25
01-07-2018,250.4,255.3,234.4,256.4,239.8,251.5,553900,599100,455300,702100,489900,431900,134.3,133.7,3,2,1.9,2.1,1.6,2.3,2.2,16332.40039,16586.5,16227.29981,16434,16434,3514022500,3.7,1.5
01-08-2018,250.2,255,234.8,256,239.5,251.5,553400,598600,456000,700900,489300,431900,134.2,133.9,2.8,2.1,2,2,1.7,2.3,2.2,16383.79981,16494.09961,16075.29981,16262.90039,16262.90039,4362840200,3.7,1.5
01-09-2018,249.6,254.3,234.2,255.3,240.1,251.7,552200,596900,454800,699000,490500,432100,133.7,133.8,2.2,2,1.9,1.9,1.5,1.8,2.1,16276.29981,16300.7002,15975.79981,16073.09961,16073.09961,4797558000,3.7,1.5
01-10-2018,249.4,254.2,234.6,254.9,239.7,251.9,551700,596500,455500,698000,489700,432500,134.1,134.2,2.4,2,2,1.9,1.6,2.1,2.1,16152.29981,16193.09961,14639.7002,15027.29981,15027.29981,6140889300,3.95,1.75
01-11-2018,248,252.5,233.3,253.3,239.6,250.4,548500,592700,453000,693500,489500,429900,133.5,134,1.7,1.9,1.9,1.8,1.5,1.7,1.9,15032.79981,15393.09961,14810.59961,15197.79981,15197.79981,5580999000,3.95,1.75
01-12-2018,246.5,250.7,231.3,251.5,238,250.6,545200,588400,449100,688700,486300,430300,133.4,134.3,2,1.9,1.9,1.8,1.7,2.3,1.9,15358.90039,15378.90039,13776.90039,14322.90039,14322.90039,5249256700,3.95,1.75
01-01-2019,243.8,247.8,229.7,248.2,235.8,248,539300,581700,446100,679600,481800,425900,133.6,134.3,1.4,1.9,1.8,1.7,1.5,1.9,1.9,14163.90039,15564.59961,14112.79981,15540.59961,15540.59961,5215379100,3.95,1.75
01-02-2019,240.8,244.5,226.6,244.9,233.5,245.7,532600,573800,440100,670600,477100,421900,134.5,134.7,1.5,1.9,1.9,1.9,1.5,2,2,15562.29981,16115.79981,15483.40039,15999,15999,4753997700,3.95,1.75
01-03-2019,238.9,242.7,225.7,242.9,231.7,243.4,528500,569700,438300,665100,473300,418000,135.4,135.2,1.9,2.2,2,1.9,1.6,1.9,2.1,16086.29981,16275.29981,15891.90039,16102.09961,16102.09961,5665494600,3.95,1.75
01-04-2019,238.9,242.9,225.7,243.1,231.9,243.3,528500,570000,438300,665600,473800,417700,136,135.6,2,2,2,2,1.5,2,2,16187.90039,16672.69922,16153.59961,16580.69922,16580.69922,4499161900,3.95,1.75
01-05-2019,239.4,243.5,226.3,243.7,232.9,243,529500,571400,439400,667200,475800,417200,136.6,136,2.4,2.2,2.1,2.1,2.1,2.4,2.3,16580.59961,16604.90039,15963.29981,16037.5,16037.5,4752008500,3.95,1.75
01-06-2019,240.6,244.8,227.9,244.8,233.6,244.3,532200,574600,442600,670200,477200,419500,136.3,135.9,2,2,2,2,2,2.3,2.2,16053.5,16603.90039,15960.90039,16382.2002,16382.2002,4223231600,3.95,1.75
01-07-2019,242,246.3,228.6,246.6,234.6,245.4,535300,578100,444000,675200,479200,421400,137,136.4,2,2,2,2.1,2,2.2,2.3,16463.59961,16641.80078,16282.09961,16406.59961,16406.59961,3712162700,3.95,1.75
01-08-2019,243.3,247.5,229.7,247.9,237.1,247,538200,580900,446000,678700,484400,424100,136.8,136.4,1.9,2,2,2,1.9,2.2,2.3,16389.19922,16505.90039,15964.40039,16442.09961,16442.09961,4104739700,3.95,1.75
01-09-2019,244.9,249,231.3,249.4,238.9,249.4,541800,584500,449100,682800,488100,428200,136.2,136.3,1.9,2,2,2.2,1.9,2.1,2.3,16382.5,16947.19922,16328.40039,16658.59961,16658.59961,4682831000,3.95,1.75
01-10-2019,246.3,250.6,232.6,251.1,240.9,250.7,544900,588200,451700,687400,492100,430400,136.6,136.7,1.9,2,2,2.2,1.9,2,2.3,16683.59961,16707.5,16198.09961,16483.19922,16483.19922,4059545200,3.95,1.75
01-11-2019,247.3,251.2,233.5,251.6,242.2,253.7,547000,589600,453500,689000,494800,435600,136.4,136.8,2.2,2.2,2.1,2.4,1.9,2,2.4,16537.69922,17120.90039,16534.90039,17040.19922,17040.19922,4313437900,3.95,1.75
01-12-2019,247.9,251.6,234,251.9,243.4,255.3,548300,590500,454400,689800,497200,438400,136.4,137.3,2.2,2,2,2.3,1.7,1.8,2.4,17060.90039,17230.59961,16817,17063.40039,17063.40039,4156688600,3.95,1.75
01-01-2020,248.4,251.5,234,251.6,244.8,257.3,549500,590300,454400,688900,500200,441800,136.8,137.3,2.4,2.1,2.1,2.2,1.8,1.9,2.2,17131.59961,17666.5,17033.19922,17318.5,17318.5,4661181300,3.95,1.75
01-02-2020,249.2,251.9,234.1,252.2,244.1,258.7,551200,591300,454700,690400,498700,444200,137.4,137.5,2.2,2,2,1.9,1.8,1.9,2.1,17351,17970.5,15896.40039,16263.09961,16263.09961,4968852600,3.95,1.75
01-03-2020,249,251.8,233.3,252.4,242.8,258.1,550700,591000,453100,691200,496100,443200,136.6,136.3,0.9,1.8,1.9,1.5,1.6,1.7,1.7,16325,16798.19922,11172.7002,13378.79981,13378.79981,10996859000,2.95,0.25
01-04-2020,246,248.7,230.1,249.5,242.5,255.2,544100,583600,446900,683100,495500,438100,135.7,135.6,-0.2,1.9,2,1.3,1.2,1.3,1.1,12966.79981,15257.90039,12814,14780.7002,14780.7002,7314475700,2.45,0.25
01-05-2020,248.1,251.8,232.3,253.1,242.5,254.6,548800,591000,451200,692900,495500,437100,136.1,135.7,-0.4,1.6,1.8,1.1,0.7,0.6,0.7,14563,15342.40039,14187.5,15192.79981,15192.79981,6397636900,2.45,0.25
01-06-2020,252.4,257.3,238,258,245.9,254.3,558400,604000,462100,706400,502400,436600,137.2,136.8,0.7,1.8,1.9,1.2,1.1,1,1.2,15177.59961,15980.09961,14934.7002,15515.2002,15515.2002,7063577500,2.45,0.25
01-07-2020,259.1,264.8,245.3,265.1,251.6,257.3,573200,621600,476400,725800,514000,441700,137.2,136.7,0.1,1.7,1.8,1,0.7,0.5,1,15694.09961,16317.90039,15391.7002,16169.2002,16169.2002,4284800500,2.45,0.25
01-08-2020,265.4,272,251.9,272.2,256.9,259.8,587000,638500,489100,745400,524800,446100,137,136.8,0.1,1.7,1.8,1.2,0.8,0.5,1.1,16172.59961,16835.09961,16172.59961,16514.40039,16514.40039,3995195600,2.45,0.25
01-09-2020,269.8,277.2,257.9,276.6,261.2,261.5,596800,650600,500800,757400,533700,449000,136.9,137.1,0.5,1.7,2,1.2,1,0.8,1.1,16533.19922,16725.69922,15725,16121.40039,16121.40039,4937004400,2.45,0.25
01-10-2020,272.8,280.7,261.8,279.7,264.4,261.9,603400,658900,508500,765700,540200,449700,137.5,137.5,0.7,1.8,2,1.5,1,0.8,1.2,16189.7002,16611,15418.5,15580.59961,15580.59961,4432015700,2.45,0.25
01-11-2020,275.9,284.7,266.4,283.7,266.8,262.1,610200,668200,517400,776900,545100,450000,137.7,138,1,1.8,2,1.5,1.5,1.3,1.4,15684.90039,17411,15569.40039,17190.30078,17190.30078,5684347100,2.45,0.25
01-12-2020,279.1,288.7,270,287.4,269.7,263.2,617300,677500,524300,787000,550900,452000,137.4,138.2,0.7,1.8,2,1.4,1.5,1.1,1.2,17431.30078,17684.09961,17220.90039,17433.40039,17433.40039,5202728900,2.45,0.25
01-01-2021,284.3,295,274.7,293.8,272.9,263.5,628800,692300,533500,804300,557600,452400,138.2,138.7,1,1.8,2.1,1.4,1.6,1.4,1.3,17583.40039,18058.59961,17297.80078,17337,17337,5011119800,2.45,0.25
01-02-2021,291,302.3,282.3,300.6,278.9,265.2,643800,709600,548300,823000,569800,455300,138.9,139,1.1,1.9,2.1,1.5,1.2,0.8,1.1,17527.40039,18579.69922,17487.69922,18060.30078,18060.30078,5377980500,2.45,0.25
01-03-2021,298.3,310.2,290.2,307.9,285.7,269.4,659900,728000,563500,842900,583700,462500,139.6,139.3,2.2,2,2.2,2.1,1.4,0.9,1.6,18249.80078,19037.09961,17950.80078,18700.69922,18700.69922,6437586500,2.45,0.25
01-04-2021,304.5,317,297.7,314,292.3,274.9,673600,744000,578100,859700,597100,472000,140.3,140.1,3.4,2.3,2.2,2.4,2.3,1.8,2.6,18799.90039,19439.80078,18772.69922,19108.30078,19108.30078,4225253700,2.45,0.25
01-05-2021,310.4,323.9,304.6,320.5,298.3,278.9,686600,760200,591600,877400,609500,478900,141,140.6,3.6,2.6,2.5,2.8,2.8,2.4,3,19193.59961,19909.59961,19052.40039,19731,19731,4768339900,2.45,0.25
01-06-2021,316.4,330.5,310.2,326.8,304,282.9,699800,775700,602400,894900,621000,485700,141.4,141,3.1,2.6,2.6,2.8,2.7,2.2,3,19909.09961,20295.19922,19906.80078,20165.59961,20165.59961,5048796900,2.45,0.25
01-07-2021,320.9,335.7,314.6,332.2,307.8,285.8,709800,787800,611000,909500,628800,490700,142.3,141.7,3.7,3,2.7,3,3.3,2.8,3.3,20267.19922,20381.69922,19605.90039,20287.80078,20287.80078,3578207200,2.45,0.25
01-08-2021,326.2,341.6,320.3,338.1,313.1,289.5,721500,801700,622000,925600,639600,497100,142.6,142.5,4.1,3.2,2.9,3.3,3.5,3,3.4,20325.09961,20703.90039,20109.40039,20582.90039,20582.90039,3744107300,2.45,0.25
01-09-2021,333.4,349.3,326.2,346.6,320.4,296.1,737400,819800,633500,948900,654500,508400,142.9,143.1,4.4,3.4,3,3.5,3.7,3.3,3.5,20604.80078,20897.59961,19982.19922,20070.30078,20070.30078,4873607400,2.45,0.25
01-10-2021,342.9,359.8,334.1,358,328.4,304,758600,844400,648800,980100,671000,522000,143.9,143.9,4.7,3.4,2.9,3.4,3.8,3.2,3.6,20122.69922,21311.80078,19954.80078,21037.09961,21037.09961,4262776700,2.45,0.25
01-11-2021,351,368.5,342,368,338.6,311.2,776500,864800,664100,1007700,691700,534300,144.2,144.5,4.7,3.4,3,3.6,3.6,3.1,3.6,21124.30078,21796.19922,20660,20660,20660,5462320600,2.45,0.25
01-12-2021,357.4,375.8,348.8,374.7,344.4,316.1,790500,882000,677300,1025800,703600,542700,144,144.9,4.8,3.8,3.2,3.6,4,3.4,3.9,20917.5,21433.90039,20382.30078,21222.80078,21222.80078,4977949200,2.45,0.25
01-01-2022,370.7,389.7,362,387.4,357.5,324.4,820000,914700,703000,1060700,730400,557000,145.3,145.8,5.1,4,3.4,4.1,4.3,3.5,4.2,21335.59961,21550.09961,19912.59961,21098.30078,21098.30078,5257279600,2.45,0.25
01-02-2022,380,398.2,370.1,395.5,366.5,332.1,840600,934500,718700,1083000,748700,570200,146.8,146.9,5.7,4.3,3.6,4.6,4.8,3.9,4.7,21160.5,21784.69922,20397.19922,21126.40039,21126.40039,5479522300,2.45,0.25
01-03-2022,379.4,395.4,367.9,392.7,369.1,338.1,839300,928100,714400,1075300,754000,580500,148.9,148.4,6.7,4.7,4,5.1,5.5,4.7,5.3,21144,22181.80078,20912.09961,21890.19922,21890.19922,7319750900,2.7,0.5
01-04-2022,374.2,389.6,363.5,387.1,366.8,337.2,827800,914300,705900,1059800,749300,579000,149.8,149.7,6.8,5,4.4,5.5,5.7,4.6,5.6,21970.80078,22213.09961,20619.30078,20762,20762,5028357300,3.2,1
01-05-2022,370.3,386,360,383.6,363.5,337.2,819200,905900,699200,1050200,742600,579000,151.9,151.3,7.7,5.4,4.7,6.1,6.1,5.2,6.3,20707.69922,21212.90039,19480,20729.30078,20729.30078,6123813800,3.2,1
01-06-2022,363.3,377.9,350.4,376.2,358,333.8,803700,887000,680400,1030000,731400,573200,152.9,152.1,8.1,5.5,4.8,6.3,6.2,5.3,6.4,20816.69922,21036.40039,18661.5,18861.40039,18861.40039,6198477400,3.7,1.5
01-07-2022,356.8,370,343.3,368.6,353.6,331.7,789300,868500,666600,1009300,722400,569600,153.1,152.3,7.6,5.4,4.9,6.6,6.1,5.5,6.2,18951.19922,19734,18169.90039,19692.90039,19692.90039,4716787900,4.7,2.5
01-08-2022,350.8,363.4,336.8,362.4,346.9,328.4,775900,853000,654100,992300,708800,563900,152.6,152.4,7,5.2,4.7,6.3,5.8,5.3,6,19568.90039,20323.59961,19329.90039,19330.80078,19330.80078,5300428700,4.7,2.5
01-09-2022,345.7,358.1,331.7,357.6,343.4,324.3,764700,840400,644100,979200,701500,556900,152.7,153,6.9,5.2,4.7,6.2,6,5.4,6,19179.5,20032.59961,18982,19987.19922,19987.19922,1697976300,5.45,3.25
